Id,Title,Total Price,Discount,Subtotal price,Sold Out Count
1371969510,Handmade Ceramic Vase (Dune 45) Medium Size 10” tall - Home Decor Flower Vase,85.9,20%,68.72,1
1362552802,Discounted 3 pcs Sun Palms Dried Trimmed - Tropical Palm Fans Spear Pampas Grass Boho Bridal Bouquet Home Decor DIY Wedding Arch,32.0,20%,25.6,1
1361698964,Dried Pearl Millet Grass - Preserved Flowers DIY Bridal Bouque Natural Home Decor Boho Bedroom Wedding Flowers Tablescaping,15.0,20%,12.0,1
1356034432,Porcelain Tableware Collection Sand - Handmade Ceramic Kitchenware Serving Tray Beige Appetizer Serveware Jewelry Organizer Home Decor,33.9,20%,27.12,3
1349971828,Dried Wedding Flower Collection White - Bridal Bouquet Bridesmaid’s Bouquet Boutonnière Centerpiece - Pampas Grass Wedding Decor Eucalyptus,30.9,20%,24.72,5
1359316781,Dried Limonium Sinuatum White - Forget-me-not Natural Flowers Home Decor Wedding Centerpiece Pampas Grass Dried Florals,22.9,20%,18.32,1
1359307137,Miscanthus Dried - Silver Grass Pampas Grass Natural Home Decor Wedding Centerpiece Dried Flower Arrangement Rustic Boho DIY Wedding Decor,23.9,20%,19.12,0
1345307708,Ruscus Long-leaf Preserved - Dried Bouquet Pampas grass Pink Dried Flowers DIY Flower Arrangement Home Decor Wedding Bunch,31.9,20%,25.52,0
1334466216,Holiday Dried Collection - Pampas Grass Wedding Centerpiece Flower Bouquet Boho Fall Home Decor Bridal Bouquet Bridesmaids Bunch Bunny Tails,54.9,20%,43.92,9
1288226238,Dried Globe Amaranth - Dried Bouquet Wild Flower Pampas grass DIY Wedding Flowers Rustic Home Decor,31.9,20%,25.52,8
1288214742,Dried Sago Flower “Flamingo Feather” - Dried Bouquet Pampas grass DIY Wedding Flowers Rustic Home Decor,31.9,20%,25.52,4
1302173385,XL Pampas Grass 4FT tall The Fluffiest Dried Natural Large - Dried Pampas Grass Natural Home Decor DIY Wedding Flowers Boho Interior Design,56.9,20%,45.52,5
1265019201,Bunny Tails NEW Colors Handpicked Bunch - Natural Dried Lagurus Pampas Grass Boho Wedding Decor Bridal Bouquet Bohemian Plant Wedding favors,24.9,20%,19.92,5
1283845173,Natural Wheat - Dried Bouquet Pampas grass Dried Flowers Boho Wedding Decor Rustic Home Decor,24.9,20%,19.92,8
1269283456,Dried Flowers Wedding Collection Pink - Bridal Bouquet Bridesmaid’s Bouquet Boutonnière - Pampas Grass Wedding Decor,30.9,20%,24.72,22
1269199834,Dried Flower Boutonnière White - Wedding Decor Pampas Grass Wedding favors Bunny Tails Preserved Eucalyptus,30.9,20%,24.72,1
1269173154,Large Bunch Preserved Eucalyptus Blue - Spiral Eucalyptus Leaves Home Decor Bohemian Interior Design Natural Wedding Table Centerpiece,50.0,20%,40.0,45
1278326231,Dried Wedding Flower Collection Ivory - Bridal Bouquet Bridesmaid’s Bouquet Boutonnière Centerpiece - Pampas Grass Wedding Decor,25.0,20%,20.0,13
1280804017,Amaranthus Preserved - Dried Florals Bouquet Pampas grass Dried Flowers Boho Wedding Rustic Home Decor DIY wedding arrangements,48.9,20%,39.12,41
1262159600,Preserved Baby’s Breath - Gypsophila DIY Dried Bouquet Modern Bohemian Wedding Flower Decor Bridal Shower Centerpieces Tablescaping,35.0,20%,28.0,15
1258753212,Mini Silver Dollar Eucalyptus Preserved - Dried Eucalyptus Leaves Home Decor Boho Interior Design Natural Wedding Table Centerpiece DIY,23.9,20%,19.12,24
1272745737,Sun Palm Leaves (3 pcs) Small Dried Organic - Tropical Palm Fans Spear Pampas Grass Boho Wedding Bridal Bouquet Home Decor,30.0,20%,24.0,36
1258731412,"5 stems PAMPAS GRASS Pink 45"" Large - Dried Flower Arrangement Home Decor Boho DIY Wedding Decor Centerpiece Bridal Bouquet",93.9,20%,75.12,0
1258717090,"5 stems PAMPAS GRASS White 45"" Large - Dried Flower Arrangement Home Decor Boho DIY Wedding Decor Centerpiece Bridal Bouquet",93.9,20%,75.12,0
1257568052,Billy Balls 10 pcs Preserved - Medium size Dried Bouquet Craspedia Billy Buttons Pampas grass Pink Dried Flowers wedding home decor,19.9,20%,15.92,25
1271107017,Golden Grass (30 stems) - Dried Pampas Grass Natural Home Decor Wedding Centerpiece Dried Flower Arrangement Rustic Boho,31.9,20%,25.52,9
1270347747,Preserved Scabiosa Flowers - Dried Flowers DIY Centerpiece Home Decor Bohemian Interior Design Natural Purple Wedding Bouquet Tablescaping,48.9,20%,39.12,14
1268754877,Preserved Millet Grass - Dried Flowers DIY Centerpiece Home Decor Bohemian Interior Design Natural Mauve Wedding Bouquet Tablescaping,22.9,20%,18.32,12
1250244474,Asparagus Preserved Dark Blue - Dried Florals Bouquet Pampas grass Dried Flowers Boho Wedding Rustic Home Decor DIY,36.5,20%,29.2,18
1264261631,DIY Centerpieces Mixed Dried Flower Confetti Box with Floral Foam - Pampas Grass Bunny Tails Boho Interior Wedding Boutonnière Tablescaping,42.9,20%,34.32,7
1262616881,Rabbit Tails 40 pcs Red - Bunny Tails Natural Dried Boho Wedding Decor Pampas Grass Bridal Bouquet Wedding Favors,22.5,20%,18.0,11
1262616123,Rabbit Tails 40 pcs Blue - Bunny Tails Natural Dried Boho Wedding Decor Pampas Grass Bridal Bouquet Wedding Favors,22.5,20%,18.0,12
1248610526,Rabbit Tails 40 pcs Brown - Bunny Tails Natural Dried Boho Wedding Decor Pampas Grass Bridal Bouquet Wedding Favors,22.5,20%,18.0,7
1248597168,Brown Limonium Bunch Preserved - Dried Florals Bouquet Pampas grass Dried Flowers Boho Wedding Rustic Home Decor,19.9,20%,15.92,40
1262600667,Purple Limonium Bunch Preserved - Dried Florals Bouquet Pampas grass Dried Flowers Boho Wedding Rustic Home Decor,19.9,20%,15.92,11
1262001009,Colorfull PAMPAS GRASS Small (15 pcs)- Reed Bunch Wedding flowers Home Decor Dried Flowers Boho Plant Rustic Gift Bridal Bouquet Centerpiece,23.9,20%,19.12,2
1261997899,Colorfull PAMPAS GRASS Small (15 pcs)- Reed Bunch Wedding flowers Home Decor Dried Flowers Boho Plant Rustic Gift Bridal Bouquet Centerpiece,23.9,20%,19.12,5
1247991708,Colorfull PAMPAS GRASS Small (15 pcs)- Reed Bunch Wedding flowers Home Decor Dried Flowers Boho Plant Rustic Gift Bridal Bouquet Centerpiece,23.9,20%,19.12,5
1247990730,Colorfull PAMPAS GRASS Small (15 pcs)- Reed Bunch Wedding flowers Home Decor Dried Flowers Boho Plant Rustic Gift Bridal Bouquet Centerpiece,23.9,20%,19.12,8
1261995199,Colorfull PAMPAS GRASS Small (15 pcs)- Reed Bunch Wedding flowers Home Decor Dried Flowers Boho Plant Rustic Gift Bridal Bouquet Centerpiece,23.9,20%,19.12,1
1247989050,Colorfull PAMPAS GRASS Small (15 pcs)- Reed Bunch Wedding flowers Home Decor Dried Flowers Boho Plant Rustic Gift Bridal Bouquet Centerpiece,23.9,20%,19.12,3
1247986982,Colorfull PAMPAS GRASS Small (15 pcs)- Reed Bunch Wedding flowers Home Decor Dried Flowers Boho Plant Rustic Gift Bridal Bouquet Centerpiece,23.9,20%,19.12,3
1247965518,Colorfull PAMPAS GRASS Small (15 pcs)- Reed Bunch Wedding flowers Home Decor Dried Flowers Boho Plant Rustic Gift Bridal Bouquet Centerpiece,23.9,20%,19.12,15
1247561108,Mixed Dried Flower Confetti Box for DIY Centerpieces Floral Foam - Pampas Grass Bunny Tails Boho Interior Wedding Boutonnière Tablescaping,42.9,20%,34.32,18
1247047358,Dried Flower Arrangements -Pampas Grass Wedding Centerpiece Flower Bouquet Boho Fall Home Decor Bridal Bouquet Bridesmaids Bunch Bunny Tails,54.9,20%,43.92,306
1259852819,Bunny Tails Confetti Box White DIY - Dried Flower Pampas Grass Centerpice Home Decor Boho Interior Design Wedding Boutonnière Tablescaping,31.9,20%,25.52,2
1243580567,Dried Pampas Dream Bouquet - Dry Flower Bouquet DIY Wedding Centerpiece Natural Bunch Home Decor Boho Decor Bridal Bouquet Bridesmaids,108.9,20%,87.12,0
1243575577,Eucalyptus Pampas Set - Wedding Centerpiece Dry Flower Bouquet Home Decor Boho Decor Bridal Bouquet Bridesmaids Bunch Bunny Tails,54.9,20%,43.92,25
1228857070,Luxury Dried Bouquets Large Pampas Grass Eucalyptus - Dry Flower Bouquet Bunny Tails Red Ruscus Centerpiece Home Decor Boho Wedding Decor,148.9,20%,119.12,3
1242499139,"Pampas Grass Small Beige 23"" - Dried Flower Bouquet Wedding Bunch Home Decor Boho Party Rustic Gift Bridal Bouquet Wedding favors",23.9,20%,19.12,4
1242495733,"Small Pampas Grass Pink 23"" tall - Dried Flower Bouquet Wedding Bunch Home Decor Boho Party Rustic Gift Bridal Bouquet Wedding favors",23.9,20%,19.12,1
1228507906,Mixed Dried Flower Confetti Box for DIY Centerpieces - Pampas Grass Home Decor Bunny Tails Boho Interior Wedding Boutonnière Tablescaping,42.9,20%,34.32,21
1222170760,Preserved Eucalyptus Mix Large Bunch - Silver Dollar Eucalyptus Weeping Willow Centerpiece Home Decor Boho Wedding Decor,98.9,20%,79.12,11
1221576530,Preserved Rice Flower - Dried Flowers DIY Centerpice Home Decor Bohemian Interior Design Natural Pink Wedding Bouquet Tablescaping,27.9,20%,22.32,27
1221575270,Preserved Rice Flower - Dried Flowers DIY Centerpice Home Decor Bohemian Interior Design Natural White Wedding Bouquet Tablescaping,27.9,20%,22.32,12
1235507155,Preserved Rice Flower - Dried Flowers DIY Centerpice Home Decor Bohemian Interior Design Natural Purple Wedding Bouquet Tablescaping,27.9,20%,22.32,17
1221564442,Preserved Rice Flower - Dried Flowers DIY Centerpice Home Decor Bohemian Interior Design Natural Yellow Wedding Bouquet Tablescaping,27.9,20%,22.32,16
1235491333,Preserved Eucalyptus - Silver Dollar Weeping Willow Spiral Home Decor Shower Aesthetic Boho Bedroom DIY Natural Wedding Table Centerpiece,27.9,20%,22.32,25
1235487007,Preserved Eucalyptus Yellow Silver Dollar- Dried Eucalyptus Leaves Home Decor Boho Interior Design Natural Wedding Table Centerpiece,27.9,20%,22.32,50
1220261288,Luxury Preserved Bouquet “Green Goddess”- Eucalyptus Gypsophila Weeping Willow Limonium Rabbit Tails Centerpiece Home Decor Boho Wedding,148.9,20%,119.12,4
1231427347,Luxury Dried Flower Bouquets  - Pampas Grass Preserved Gypsophila Eucalyptus Nigella White Ruscus Centerpiece Home Decor Boho Wedding Gift,148.9,20%,119.12,6
1218085265,Pampas & Oats Set Dried -  Wedding Centerpiece Natural Home Decor Boho Decor Bridal Bouquet Bridesmaids bunch,61.9,20%,49.52,7
1200161000,BUNNY TAILS Burgundy Handpicked Bunch - Dried Lagurus Pampas Grass Boho Wedding Decor Bridal Bouquet Wedding Favors Centerpiece,24.9,20%,19.92,9
1211280977,Brown Pampas Bouquet - Dried Flower Bouquet Pampas Grass Bunny Tails Red Ruscus Centerpiece Home Decor Boho Wedding Decor,85.9,20%,68.72,18
1197319290,"Dried Bouquet ""Berry Punch"" - Dry Flower Bouquet Bunny Tails Eucalyptus Red Ruscus Centerpiece Home Decor Boho Wedding Decor Mother’s Day",148.9,20%,119.12,5
1211227875,Wild Blueberry Bouquet - Dry Flower Bouquet Bunny Tails Eucalyptus Red Ruscus Centerpiece Home Decor Boho Wedding Decor,86.5,20%,69.2,11
1194918848,Bundle: Red Eucalyptus Set - Limonium Ruscus Eucalyptus Bunny Tails Wedding Centerpiece Bouquet Home Decor Boho Decor Bridal Bouquet,42.9,20%,34.32,16
1194908408,Rosé - Dried Floral Set -Limonium Rice Flower Ruscus Eucalyptus Wedding Centerpiece Bouquet Home Decor Boho Decor Bridal Bouquet Bridesmaids,42.9,20%,34.32,12
1193514636,Bundle: Pampas Natural 30 pcs & Bunny Burgundy Set - Bunny Tails Wedding Centerpiece Home Decor Dried Flowers Boho Rustic Bridal Bouquet DIY,58.9,20%,47.12,11
1188584206,"Natural Pampas Grass Arrangement (5 stems) - Extra Fluffy Dried 45"" Large - Home Office Decor Boho Wedding Decor Dried Flowers Boho",123.0,30%,86.1,2
1180294838,Preserved Eucalyptus Small Leaf in Green - Home Decor Bohemian Interior Design Natural Wedding Table Centerpieces Easter,27.9,20%,22.32,48
1194249653,Silver Dollar Eucalyptus Red Preserved - Dried Eucalyptus Leaves Home Decor Boho Interior Design Natural Wedding Table Centerpiece,27.9,20%,22.32,64
1180290224,Silver Dollar Eucalyptus Blue Preserved -Dried Eucalyptus Leaves Home Decor Boho Interior Design Natural Wedding Table Centerpiece,27.9,20%,22.32,75
1180234856,Preserved Spiral Eucalyptus - Dried Eucalyptus in Shower Aesthetic Home Decor Boho Interior Bedroom Design Natural Wedding Table Centerpiece,27.9,20%,22.32,14
1161559172,Asparagus Preserved Natural - DIY Dried Bouquet Modern Bohemian Wedding Flower Decor Bridal Shower Centerpieces Tablescaping,36.5,20%,29.2,25
1169977765,Pink Bunny Set of 4 - Small White Pampas Grass Pink and White Bunny Tails Ivory Nigella Dried Flowers Wedding Decor Home Decor,61.9,20%,49.52,1
1169967271,Cotton Candy Bouquet - Dry Flower Bouquet Pink Pampas Grass Bunny Tails Ruscus Centerpiece Home Decor Wedding Decor Easter Gift,85.9,20%,68.72,21
1156011228,Dried Flower Bouquet Pink “Cloud” - Preserved Pink Baby’s Breath Ruscus Pampas Grass Centerpiece Home Decor Wedding Decor Easter Gift,68.9,20%,55.12,14
1169960799,Large Dried Bouquet “I Love You More” - Dry Flower Bouquet Pink Pampas Grass Bunny Tails Centerpiece Home Decor Wedding Decor Boho Gift,148.9,20%,119.12,17
1142092494,White Bunny Tails Bridal Bouquet (240 pcs) -  Natural Dried Lagurus Pampas Grass Boho Wedding Decor Centerpiece Wedding favors,106.5,20%,85.2,1
1132002336,Preserved Eucalyptus Spiral - Dried Eucalyptus Bunch Home Decor Boho Bedroom Shower Aesthetic Natural Wedding Table Centerpiece,27.9,20%,22.32,266
1112838638,25 pcs BUNNY TAILS - Natural Dried Lagurus Ovatus Bouquet Modern Bohemian Wedding Decor Bridal Shower Centerpieces Christmas Tablescaping,19.9,20%,15.92,39
1122295208,Dried Flower Bouquet “Cashmere” - Pampas Grass White Ruscus Limonium Centerpiece Home Decor Boho Wedding Decor Tablescaping Easter,135.9,20%,108.72,2
1122308014,Dried Flower Bouquet “Nocturnal” - Preserved Limonium Black Bunny Tails Rice Flower Centerpiece Home Decor Boho Wedding Decor,56.5,20%,45.2,12
1136258385,Starburst Dried Bouquet - Dry Flower Bouquet Bunny Tails Eucalyptus Red Ruscus Centerpiece Home Decor Boho Wedding Decor,85.9,20%,68.72,86
1136251289,Berry Bouquet Dried - Preserved Eucalyptus Red Ruscus Rice Flower Centerpiece Home Decor Boho Wedding Decor Tablescaping Easter gift,73.9,20%,59.12,25
1136245513,Dried Flower Bouquet “Festive” - Pampas Grass Preserved Eucalyptus Limonium DIY Wedding Centerpiece Home Decor Boho Bridal Bunch Gift,122.5,20%,98.0,7
1122288568,Large Dried Flower Bouquet “Pink Champagne” - Pampas Grass Preserved Eucalyptus Oats Bunny Tails Centerpiece Home Decor Boho Wedding Decor,148.9,20%,119.12,6
1122277718,Luxury Pampas Bouquets Dried - Preserved Eucalyptus Limonium Bunny Tails Centerpiece Home Decor Boho Wedding Gift DIY Wedding Centerpiece,85.9,20%,68.72,20
1134820913,"15 pcs PAMPAS GRASS Small 23"" tall - Reed Bunch Wedding flowers Home Decor Dried Flowers Boho Plant Rustic Gift Bridal Bouquet",23.9,20%,19.12,33
1119080321,Pampas Grass Bunch Brown 10 pcs Natural Dried - Preserved Flowers Bouquet Boho Decor Wedding Table Centerpieces Bridal Shower Decorations,35.9,20%,28.72,55
1118765755,"PAMPAS GRASS Small 23"" tall -Reed Bunch Wedding flowers Home Decor Dried Florals Boho Rustic Gift Bridal Bouquet Wedding favors",16.9,20%,13.52,73
1110414945,Ivory Pampas Set - Small White Pampas Bunny Tails White Ruscus Ivory Fluffy Pampas Dried Flowers Wedding Decor Home Decor Easter Gift,61.9,20%,49.52,58
1116951007,Set: Brown Pampas Burgundy Bunny Limonium - Dry Flower Bouquet Bunny Tails Fluffy Pampas Wedding Centerpiece Dried Home Decor Boho Bridal,61.9,20%,49.52,35
1102116912,"XL PAMPAS GRASS 3 stems Extra Fluffy Natural Color 45"" Large - Home Office Decor Boho Wedding Decor Dried Flowers Boho",78.9,30%,55.23,18
1091670468,Dried Bunny Bouquet “Honey” - Bunny Tails Natural Dried Lagurus Pampas Grass Boho Wedding Decor Bridal Bouquet Centerpiece Wedding favors,81.0,20%,64.8,12
1105533455,Tropical Palm Leaves (3 pcs) Large Dried Organic - Cycas Palms Boho Wedding Home Decor Pampas Grass,36.9,20%,29.52,107
1103789659,"Faux Pampas Grass ""Vanilla"" (3 stems) Medium 38” tall Artificial - For Love Of Pampas",48.9,30%,34.23,6
1103783643,"Faux Pampas Grass ""Vanilla"" (3 stems) Large 43"" tall Artificial - For Love Of Pampas",61.9,30%,43.33,1
1087701566,BUNNY TAILS 60 pcs Handpicked Bunch - Natural Dried Lagurus Pampas Grass Boho Wedding Decor Bridal Bouquet Easter decor Wedding favors,24.9,20%,19.92,116
1101633227,BUNNY TAILS Black Handpicked Bunch - Natural Dried Lagurus Pampas Grass Boho Wedding Decor Bridal Bouquet Wedding favors,24.9,20%,19.92,32
1101630333,BUNNY TAILS Handpicked Bunch - Natural Dried Lagurus Pampas Grass Boho Wedding Decor Bridal Bouquet Fall Wedding favors Invitations,24.9,20%,19.92,21
1083422030,Taper Candles Set of 4 Milk White Unscented - Natural Wax Candles Home Decor Tablescaping Wedding Table Centerpiece,17.5,20%,14.0,7
1081779298,Palm Cloud Bouquet Dried - Dried Palm Leaf Baby’s Breath Wedding Centerpiece Natural Home Decor Boho Decor Decor Bridal Bouquet Bridesmaids,42.9,20%,34.32,20
1084754375,Preserved Limonium Bunch Natural - Preserved Florals Bouquet Pampas grass Dried Flowers Boho Wedding Rustic Home Decor,19.9,20%,15.92,77
1084561047,Limonium Bunch Preserved Natural - Dried Florals Bouquet Pampas grass Dried Flowers Boho Wedding Decor Rustic Home Decor,19.9,20%,15.92,25
1060476014,BUNNY TAILS (180 pcs) Handpicked - Large Bunch Natural Dried Lagurus Pampas Grass Boho Wedding Decor Bridal Bouquet Centerpiece,69.9,20%,55.92,8
1074422037,BUNNY TAILS (180 pcs) Pink - Large Bunch Natural Dried Lagurus Pampas Grass Boho Wedding Decor Bridal Bouquet Centerpiece Wedding favors,69.9,20%,55.92,0
1066901139,Dried Bar Pampas Bunny Tails Palm Leaves - Dried Florals Wedding Decor Centerpiece Natural Home Decor Boho DIY  Bridal Bouquet,180.9,20%,144.72,24
1048661264,Natural Limonium Bunch - Preserved Florals Bouquet Pampas grass Dried Flowers Boho Wedding Decor Rustic Home Decor,19.9,20%,15.92,64
1048652712,Red Limonium Bunch Preserved Natural -Dried Florals Pampas grass Dried Flower Bouquet Boho Wedding Decor Rustic Home Decor Tablescape,19.9,20%,15.92,42
1047375920,"Bunny Tails ""Natural"" Handpicked Bunch - Dried Lagurus Pampas Grass Boho Wedding Decor Bridal Bouquet Bohemian Plant Wedding favors",24.9,20%,19.92,22
1046417992,Boho Bouquet Dried - Bunny Tails Wedding Centerpiece Natural Home Decor Boho Decor Decor Bridal Bouquet Bridesmaids Dried palm leaf,72.9,20%,58.32,9
1041660660,"Faux Pampas Grass ""Chocolate"" (3 stems) Medium 38” tall Artificial - For Love Of Pampas",48.9,30%,34.23,15
1041659126,"Pampas Grass ""Faux"" Caramel (3 stems) Medium 38” tall Real Touch - Boho Home Decor Wedding Decor Floral Arrangements Centerpiece",48.9,30%,34.23,24
1055620375,"Pampas Grass ""Faux"" Caramel (5 stems) Small 20” tall Real Touch - Boho Home Decor Wedding Decor Floral Arrangements Centerpiece",55.9,30%,39.13,23
1041657396,"Faux Pampas Grass ""Peach"" (3 stems) Medium 38” tall Artificial - For Love Of Pampas",48.9,30%,34.23,7
1055614921,"Faux Pampas Grass ""Vanilla"" (3 stems) Large 43"" tall Artificial - For Love Of Pampas",61.9,30%,43.33,22
1053512447,Set of 3 BUNNY TAILS Bunches Handpicked - Natural Dried Lagurus Pampas Grass Boho Wedding Decor Bridal Bouquet Wedding favor,24.9,20%,19.92,153
1039529254,600 pcs Wholesale Bunny Tails - Natural Dried Lagurus Pampas Grass Boho Wedding Decor Bridal Bouquet Wedding favors DIY Bouquet Centerpiece,22.0,50%,11.0,21
1026632573,Discounted 3 pcs Large Palm Leaves Dried Trimmed - Tropical Palm Fans Spear Pampas Grass Boho Wedding Bridal Bouquet Home Decor,42.9,20%,34.32,280
1008763658,Bundle Ivory Pampas Bunny Set - Wedding Centerpiece Dry Flower Bouquet Home Decor Boho Decor Bridal Bouquet Bridesmaids Bunch Bunny Tails,61.9,20%,49.52,58
995194594,Ivory Pampas Bouquet 25” Bunny Tails - Wedding Centerpiece Natural Grass Home Decor Boho Decor Decor Bridal Bouquet Bridesmaids,105.9,20%,84.72,62
996037461,BUNNY TAILS (180 pcs) - Large Bunch Natural Dried Lagurus Pampas Grass Boho Wedding Decor Bridal Bouquet Centerpiece Wedding favors,69.9,20%,55.92,231
963033203,"Faux Pampas Grass ""Peach"" (3 stems) Large 43” tall Artificial - For Love Of Pampas",61.9,30%,43.33,21
945844228,Red Limonium Bunch- Dried Natural Florals Bouquet Pampas grass Dried Flowers Boho Wedding Decor Rustic Home Decor Tablescaping,19.9,20%,15.92,182
943190352,"Bunny Tails ""White"" Handpicked Bunch - Dried Lagurus Pampas Grass Boho Wedding Decor Bridal Bouquet Bohemian Plant Backyard Patio Design",24.9,20%,19.92,132
896622542,Mini Bunny Tails Bunch 60 pcs - Dried Lagurus Pampas Grass Boho Wedding Invitations Bridal Bouquet Home Decor Dried florals Wedding favors,24.9,20%,19.92,1150
905189691,10 stems Artificial Peony Bunch Milk White  28” tall Clearance - Luxe Quality Faux Flowers Home Decor Wedding Decor Bouquet Pampas Grass,89.9,50%,44.95,2
891260164,Billy Balls Yellow (10 pcs) Dried - Medium size Dried Bouquet Craspedia Billy Buttons Pampas grass Yellow Dried Flowers wedding home decor,19.9,20%,15.92,240
891214058,"Bundle: 3xSmall, 3xLarge Palm Leaves Dried Trimmed Organic - Tropical Palm Fans Leaves Pampas Grass Boho Wedding Bridal Bouquet Home Decor",86.5,20%,69.2,67
891191664,Dried Palm Leaves 2 pcs Natural Organic - Tropical Palm Fans Spear Pampas Grass Boho Wedding Bridal Bouquet Home Decor Palm Flutters,23.9,20%,19.12,81
904985813,Golden Wheat Dried Natural Bunch - Dried Bouquet Pampas grass Dried Flowers Boho Wedding Decor Rustic Home Decor,24.9,20%,19.92,255
904983733,Red Ruscus Branches Dried - DIY Flower Arrangement Boho Wedding Decor Rustic Home Decor Bridal Bouquet,37.9,20%,30.32,30
890144602,Medium Pampas Grass Ivory Bunch 30” (7 stems) Natural Dried - For Love Of Pampas,74.9,20%,59.92,156
901244069,"PAMPAS GRASS Small Natural Brown 23"" tall - Reed Bunch Wedding flowers Home Decor Dried Flowers Boho Plant Rustic Gift Bridal Bouquet",23.9,20%,19.12,88
887301110,"Pampas Grass Small 23"" tall - Dried Flower Bouquet Wedding Bunch Home Decor Boho Party Rustic Gift Bridal Bouquet Wedding favors",23.9,20%,19.12,167
887297268,BUNNY TAILS Handpicked Bunch - White Dried Lagurus Pampas Grass Boho Wedding Decor Bridal Bouquet Boho Wedding favors,19.9,20%,15.92,697
877306960,Rabbit Tails 40 pcs Natural Green - Bunny Tails Natural Dried Boho Wedding Decor Pampas Grass Bridal Bouquet Wedding Favors,22.5,20%,18.0,77
871454781,Bunny Tails Red Bean Handpicked Bunch - Natural Dried Boho Wedding Decor Pampas Grass Bridal Bouquet House Plant Wedding Favors,24.9,20%,19.92,114
856990610,"Faux Pampas Grass ""Vanilla"" (3 stems) Medium 38” tall Artificial - For Love Of Pampas",48.9,30%,34.23,82
841224678,Nigella Orientalis Off-white Dried - DIY Flower Arrangement Boho Wedding Decor Rustic Home Decor Bridal Bouquet,30.0,20%,24.0,91
841223032,Dried Oats Natural Bunch - Dried Bouquet Pampas grass Dried Flowers Boho Wedding Decor Rustic Home Decor,19.9,20%,15.92,238
841219124,Ivory Ruscus Branches Dried - DIY Flower Arrangement Pampas grass Dried Flowers Boho Wedding Decor Rustic Home Decor Bridal Bouquet,38.0,20%,30.4,66
849037167,Rabbit Tails 40 pcs - Natural Dried Boho Wedding Decor Pampas Grass White Bridal Bouquet Bohemian Plant Backyard Patio Design,22.5,20%,18.0,72
834648668,Palm Leaves (3 pcs) Small Dried Trimmed Organic - Tropical Palm Fans Spear Pampas Grass Boho Wedding Bridal Bouquet Home Decor,36.9,20%,29.52,206
794458390,"XL PAMPAS GRASS (4 pcs) The fluffiest Dried Natural Large 45"" tall - For Love Of Pampas",105.0,30%,73.5,575
789192874,Palm Leaves (3 pcs) Large Dried Trimmed Organic - Tropical Palm Fans Spear Pampas Grass Boho Wedding Bridal Bouquet Home Decor,56.9,20%,45.52,241
718981690,"PAMPAS GRASS White Small 23"" tall Wedding flower bunch home decor Reed Housewarming gift Dried Flowers bohemian plant rustic Easter",23.9,20%,19.12,139
727421803,BUNNY TAILS Handpicked Bunch - Natural Dried Lagurus Pampas Grass Boho Wedding Decor Bridal Bouquet Bohemian Plant Wedding favors,24.9,20%,19.92,6486
682402489,Small Pampas Grass (15 stems) 23” tall - Reed Bunch Wedding Flowers Home Decor Dried Florals Boho Rustic Gift Bridal Bouquet Wedding Favors,23.9,20%,19.12,1862
687942549,"XL PAMPAS GRASS 3 stems Extra Fluffy Natural Color 45"" Large - Home Office Decor Boho Wedding Decor Dried Flowers Boho",78.9,30%,55.23,279
