id,Title
1197319290,"Dried Bouquet ""Berry Punch"" - Dry Flower Bouquet Bunny Tails Eucalyptus Red Ruscus Centerpiece Home Decor Boho Wedding Decor Mother’s Day"
1334466216,Holiday Dried Collection - Pampas Grass Wedding Centerpiece Flower Bouquet Boho Fall Home Decor Bridal Bouquet Bridesmaids Bunch Bunny Tails
1269173154,Large Bunch Preserved Eucalyptus Blue - Spiral Eucalyptus Leaves Home Decor Bohemian Interior Design Natural Wedding Table Centerpiece
1243575577,Eucalyptus Pampas Set - Wedding Centerpiece Dry Flower Bouquet Home Decor Boho Decor Bridal Bouquet Bridesmaids Bunch Bunny Tails
1180290224,Silver Dollar Eucalyptus Blue Preserved -Dried Eucalyptus Leaves Home Decor Boho Interior Design Natural Wedding Table Centerpiece
1243575577,Eucalyptus Pampas Set - Wedding Centerpiece Dry Flower Bouquet Home Decor Boho Decor Bridal Bouquet Bridesmaids Bunch Bunny Tails
727421803,BUNNY TAILS Handpicked Bunch - Natural Dried Lagurus Pampas Grass Boho Wedding Decor Bridal Bouquet Bohemian Plant Wedding favors
1349971828,Dried Wedding Flower Collection White - Bridal Bouquet Bridesmaid’s Bouquet Boutonnière Centerpiece - Pampas Grass Wedding Decor Eucalyptus
1349971828,Dried Wedding Flower Collection White - Bridal Bouquet Bridesmaid’s Bouquet Boutonnière Centerpiece - Pampas Grass Wedding Decor Eucalyptus
1247965518,Colorfull PAMPAS GRASS Small (15 pcs)- Reed Bunch Wedding flowers Home Decor Dried Flowers Boho Plant Rustic Gift Bridal Bouquet Centerpiece
1132002336,Preserved Eucalyptus Spiral - Dried Eucalyptus Bunch Home Decor Boho Bedroom Shower Aesthetic Natural Wedding Table Centerpiece
1084561047,Limonium Bunch Preserved Natural - Dried Florals Bouquet Pampas grass Dried Flowers Boho Wedding Decor Rustic Home Decor
1132002336,Preserved Eucalyptus Spiral - Dried Eucalyptus Bunch Home Decor Boho Bedroom Shower Aesthetic Natural Wedding Table Centerpiece
1361698964,Dried Pearl Millet Grass - Preserved Flowers DIY Bridal Bouque Natural Home Decor Boho Bedroom Wedding Flowers Tablescaping
1247047358,Dried Flower Arrangements -Pampas Grass Wedding Centerpiece Flower Bouquet Boho Fall Home Decor Bridal Bouquet Bridesmaids Bunch Bunny Tails
1349971828,Dried Wedding Flower Collection White - Bridal Bouquet Bridesmaid’s Bouquet Boutonnière Centerpiece - Pampas Grass Wedding Decor Eucalyptus
1349971828,Dried Wedding Flower Collection White - Bridal Bouquet Bridesmaid’s Bouquet Boutonnière Centerpiece - Pampas Grass Wedding Decor Eucalyptus
1243575577,Eucalyptus Pampas Set - Wedding Centerpiece Dry Flower Bouquet Home Decor Boho Decor Bridal Bouquet Bridesmaids Bunch Bunny Tails
1280804017,Amaranthus Preserved - Dried Florals Bouquet Pampas grass Dried Flowers Boho Wedding Rustic Home Decor DIY wedding arrangements
1371969510,Dune 45 Ceramic Vase 9.84”
1271107017,Golden Grass (30 stems) - Dried Pampas Grass Natural Home Decor Wedding Centerpiece Dried Flower Arrangement Rustic Boho
727421803,BUNNY TAILS Handpicked Bunch - Natural Dried Lagurus Pampas Grass Boho Wedding Decor Bridal Bouquet Bohemian Plant Wedding favors
1132002336,Preserved Eucalyptus Spiral - Dried Eucalyptus Bunch Home Decor Boho Bedroom Shower Aesthetic Natural Wedding Table Centerpiece
1220261288,Luxury Preserved Bouquet “Green Goddess”- Eucalyptus Gypsophila Weeping Willow Limonium Rabbit Tails Centerpiece Home Decor Boho Wedding
896622542,Mini Bunny Tails Bunch 60 pcs - Dried Lagurus Pampas Grass Boho Wedding Invitations Bridal Bouquet Home Decor Dried florals Wedding favors
1248597168,Brown Limonium Bunch Preserved - Dried Florals Bouquet Pampas grass Dried Flowers Boho Wedding Rustic Home Decor
1136258385,Starburst Dried Bouquet - Dry Flower Bouquet Bunny Tails Eucalyptus Red Ruscus Centerpiece Home Decor Boho Wedding Decor
1359316781,Dried Limonium Sinuatum White - Forget-me-not Natural Flowers Home Decor Wedding Centerpiece Pampas Grass Dried Florals
1250244474,Asparagus Preserved Dark Blue - Dried Florals Bouquet Pampas grass Dried Flowers Boho Wedding Rustic Home Decor DIY
1235491333,Preserved Eucalyptus - Silver Dollar Weeping Willow Spiral Home Decor Shower Aesthetic Boho Bedroom DIY Natural Wedding Table Centerpiece
1180294838,Preserved Eucalyptus Small Leaf in Green - Home Decor Bohemian Interior Design Natural Wedding Table Centerpieces Easter
1247047358,Dried Flower Arrangements -Pampas Grass Wedding Centerpiece Flower Bouquet Boho Fall Home Decor Bridal Bouquet Bridesmaids Bunch Bunny Tails
1272745737,Sun Palm Leaves (3 pcs) Small Dried Organic - Tropical Palm Fans Spear Pampas Grass Boho Wedding Bridal Bouquet Home Decor
1247986982,Colorfull PAMPAS GRASS Small (15 pcs)- Reed Bunch Wedding flowers Home Decor Dried Flowers Boho Plant Rustic Gift Bridal Bouquet Centerpiece
841223032,Dried Oats Natural Bunch - Dried Bouquet Pampas grass Dried Flowers Boho Wedding Decor Rustic Home Decor
877306960,Rabbit Tails 40 pcs Natural Green - Bunny Tails Natural Dried Boho Wedding Decor Pampas Grass Bridal Bouquet Wedding Favors
891260164,Billy Balls Yellow (10 pcs) Dried - Medium size Dried Bouquet Craspedia Billy Buttons Pampas grass Yellow Dried Flowers wedding home decor
1048661264,Natural Limonium Bunch - Preserved Florals Bouquet Pampas grass Dried Flowers Boho Wedding Decor Rustic Home Decor
1118765755,"PAMPAS GRASS Small 23"" tall -Reed Bunch Wedding flowers Home Decor Dried Florals Boho Rustic Gift Bridal Bouquet Wedding favors"
1221564442,Preserved Rice Flower - Dried Flowers DIY Centerpice Home Decor Bohemian Interior Design Natural Yellow Wedding Bouquet Tablescaping
1247991708,Colorfull PAMPAS GRASS Small (15 pcs)- Reed Bunch Wedding flowers Home Decor Dried Flowers Boho Plant Rustic Gift Bridal Bouquet Centerpiece
1262600667,Purple Limonium Bunch Preserved - Dried Florals Bouquet Pampas grass Dried Flowers Boho Wedding Rustic Home Decor
1262616123,Rabbit Tails 40 pcs Blue - Bunny Tails Natural Dried Boho Wedding Decor Pampas Grass Bridal Bouquet Wedding Favors
1371068880,Custom listing: 5 x Pink Bridesmaid Bouquets with extra Pampas Grass
1221575270,Preserved Rice Flower - Dried Flowers DIY Centerpice Home Decor Bohemian Interior Design Natural White Wedding Bouquet Tablescaping
1194249653,Silver Dollar Eucalyptus Red Preserved - Dried Eucalyptus Leaves Home Decor Boho Interior Design Natural Wedding Table Centerpiece
896622542,Mini Bunny Tails Bunch 60 pcs - Dried Lagurus Pampas Grass Boho Wedding Invitations Bridal Bouquet Home Decor Dried florals Wedding favors
1257568052,Billy Balls 10 pcs Preserved - Medium size Dried Bouquet Craspedia Billy Buttons Pampas grass Pink Dried Flowers wedding home decor
1235487007,Preserved Eucalyptus Yellow Silver Dollar- Dried Eucalyptus Leaves Home Decor Boho Interior Design Natural Wedding Table Centerpiece
1247047358,Dried Flower Arrangements -Pampas Grass Wedding Centerpiece Flower Bouquet Boho Fall Home Decor Bridal Bouquet Bridesmaids Bunch Bunny Tails
1280804017,Amaranthus Preserved - Dried Florals Bouquet Pampas grass Dried Flowers Boho Wedding Rustic Home Decor DIY wedding arrangements
896622542,Mini Bunny Tails Bunch 60 pcs - Dried Lagurus Pampas Grass Boho Wedding Invitations Bridal Bouquet Home Decor Dried florals Wedding favors
1247047358,Dried Flower Arrangements -Pampas Grass Wedding Centerpiece Flower Bouquet Boho Fall Home Decor Bridal Bouquet Bridesmaids Bunch Bunny Tails
1235491333,Preserved Eucalyptus - Silver Dollar Weeping Willow Spiral Home Decor Shower Aesthetic Boho Bedroom DIY Natural Wedding Table Centerpiece
1334466216,Holiday Dried Collection - Pampas Grass Wedding Centerpiece Flower Bouquet Boho Fall Home Decor Bridal Bouquet Bridesmaids Bunch Bunny Tails
1081779298,Palm Cloud Bouquet Dried - Dried Palm Leaf Baby’s Breath Wedding Centerpiece Natural Home Decor Boho Decor Decor Bridal Bouquet Bridesmaids
1334466216,Holiday Dried Collection - Pampas Grass Wedding Centerpiece Flower Bouquet Boho Fall Home Decor Bridal Bouquet Bridesmaids Bunch Bunny Tails
1221564442,Preserved Rice Flower - Dried Flowers DIY Centerpice Home Decor Bohemian Interior Design Natural Yellow Wedding Bouquet Tablescaping
1084561047,Limonium Bunch Preserved Natural - Dried Florals Bouquet Pampas grass Dried Flowers Boho Wedding Decor Rustic Home Decor
1136258385,Starburst Dried Bouquet - Dry Flower Bouquet Bunny Tails Eucalyptus Red Ruscus Centerpiece Home Decor Boho Wedding Decor
1247047358,Dried Flower Arrangements -Pampas Grass Wedding Centerpiece Flower Bouquet Boho Fall Home Decor Bridal Bouquet Bridesmaids Bunch Bunny Tails
1269173154,Large Bunch Preserved Eucalyptus Blue - Spiral Eucalyptus Leaves Home Decor Bohemian Interior Design Natural Wedding Table Centerpiece
1026632573,Discounted 3 pcs Large Palm Leaves Dried Trimmed - Tropical Palm Fans Spear Pampas Grass Boho Wedding Bridal Bouquet Home Decor
1247047358,Dried Flower Arrangements -Pampas Grass Wedding Centerpiece Flower Bouquet Boho Fall Home Decor Bridal Bouquet Bridesmaids Bunch Bunny Tails
1247047358,Dried Flower Arrangements -Pampas Grass Wedding Centerpiece Flower Bouquet Boho Fall Home Decor Bridal Bouquet Bridesmaids Bunch Bunny Tails
1247047358,Dried Flower Arrangements -Pampas Grass Wedding Centerpiece Flower Bouquet Boho Fall Home Decor Bridal Bouquet Bridesmaids Bunch Bunny Tails
1247047358,Dried Flower Arrangements -Pampas Grass Wedding Centerpiece Flower Bouquet Boho Fall Home Decor Bridal Bouquet Bridesmaids Bunch Bunny Tails
1122277718,Luxury Pampas Bouquets Dried - Preserved Eucalyptus Limonium Bunny Tails Centerpiece Home Decor Boho Wedding Gift DIY Wedding Centerpiece
1211335959,Ceramic Vase Natural Ribbed 8.86” - Ceramic Vase Wedding Centerpiece Home Decor Dried Flower Bouquet
1265019201,Bunny Tails NEW Colors Handpicked Bunch - Natural Dried Lagurus Pampas Grass Boho Wedding Decor Bridal Bouquet Bohemian Plant Wedding favors
727421803,BUNNY TAILS Handpicked Bunch - Natural Dried Lagurus Pampas Grass Boho Wedding Decor Bridal Bouquet Bohemian Plant Wedding favors
896622542,Mini Bunny Tails Bunch 60 pcs - Dried Lagurus Pampas Grass Boho Wedding Invitations Bridal Bouquet Home Decor Dried florals Wedding favors
1180290224,Silver Dollar Eucalyptus Blue Preserved -Dried Eucalyptus Leaves Home Decor Boho Interior Design Natural Wedding Table Centerpiece
1362552802,Discounted 3 pcs Sun Palms Dried Trimmed - Tropical Palm Fans Spear Pampas Grass Boho Bridal Bouquet Home Decor DIY Wedding Arch
1105533455,Tropical Palm Leaves (3 pcs) Large Dried Organic - Cycas Palms Boho Wedding Home Decor Pampas Grass
996037461,BUNNY TAILS (180 pcs) - Large Bunch Natural Dried Lagurus Pampas Grass Boho Wedding Decor Bridal Bouquet Centerpiece Wedding favors
682402489,Small Pampas Grass (15 stems) 23” tall - Reed Bunch Wedding Flowers Home Decor Dried Florals Boho Rustic Gift Bridal Bouquet Wedding Favors
1243575577,Eucalyptus Pampas Set - Wedding Centerpiece Dry Flower Bouquet Home Decor Boho Decor Bridal Bouquet Bridesmaids Bunch Bunny Tails
1247047358,Dried Flower Arrangements -Pampas Grass Wedding Centerpiece Flower Bouquet Boho Fall Home Decor Bridal Bouquet Bridesmaids Bunch Bunny Tails
1132002336,Preserved Eucalyptus Spiral - Dried Eucalyptus Bunch Home Decor Boho Bedroom Shower Aesthetic Natural Wedding Table Centerpiece
1180290224,Silver Dollar Eucalyptus Blue Preserved -Dried Eucalyptus Leaves Home Decor Boho Interior Design Natural Wedding Table Centerpiece
1119080321,Pampas Grass Bunch Brown 10 pcs Natural Dried - Preserved Flowers Bouquet Boho Decor Wedding Table Centerpieces Bridal Shower Decorations
896622542,Mini Bunny Tails Bunch 60 pcs - Dried Lagurus Pampas Grass Boho Wedding Invitations Bridal Bouquet Home Decor Dried florals Wedding favors
1247047358,Dried Flower Arrangements -Pampas Grass Wedding Centerpiece Flower Bouquet Boho Fall Home Decor Bridal Bouquet Bridesmaids Bunch Bunny Tails
1180294838,Preserved Eucalyptus Small Leaf in Green - Home Decor Bohemian Interior Design Natural Wedding Table Centerpieces Easter
1272745737,Sun Palm Leaves (3 pcs) Small Dried Organic - Tropical Palm Fans Spear Pampas Grass Boho Wedding Bridal Bouquet Home Decor
1119080321,Pampas Grass Bunch Brown 10 pcs Natural Dried - Preserved Flowers Bouquet Boho Decor Wedding Table Centerpieces Bridal Shower Decorations
896622542,Mini Bunny Tails Bunch 60 pcs - Dried Lagurus Pampas Grass Boho Wedding Invitations Bridal Bouquet Home Decor Dried florals Wedding favors
891260164,Billy Balls Yellow (10 pcs) Dried - Medium size Dried Bouquet Craspedia Billy Buttons Pampas grass Yellow Dried Flowers wedding home decor
1136258385,Starburst Dried Bouquet - Dry Flower Bouquet Bunny Tails Eucalyptus Red Ruscus Centerpiece Home Decor Boho Wedding Decor
1247047358,Dried Flower Arrangements -Pampas Grass Wedding Centerpiece Flower Bouquet Boho Fall Home Decor Bridal Bouquet Bridesmaids Bunch Bunny Tails
1103789659,"Faux Pampas Grass ""Vanilla"" (3 stems) Medium 38” tall Artificial - For Love Of Pampas"
1235491333,Preserved Eucalyptus - Silver Dollar Weeping Willow Spiral Home Decor Shower Aesthetic Boho Bedroom DIY Natural Wedding Table Centerpiece
1231427347,Luxury Dried Flower Bouquets  - Pampas Grass Preserved Gypsophila Eucalyptus Nigella White Ruscus Centerpiece Home Decor Boho Wedding Gift
1280804017,Amaranthus Preserved - Dried Florals Bouquet Pampas grass Dried Flowers Boho Wedding Rustic Home Decor DIY wedding arrangements
1280804017,Amaranthus Preserved - Dried Florals Bouquet Pampas grass Dried Flowers Boho Wedding Rustic Home Decor DIY wedding arrangements
1280804017,Amaranthus Preserved - Dried Florals Bouquet Pampas grass Dried Flowers Boho Wedding Rustic Home Decor DIY wedding arrangements
1136251289,Berry Bouquet Dried - Preserved Eucalyptus Red Ruscus Rice Flower Centerpiece Home Decor Boho Wedding Decor Tablescaping Easter gift
1132002336,Preserved Eucalyptus Spiral - Dried Eucalyptus Bunch Home Decor Boho Bedroom Shower Aesthetic Natural Wedding Table Centerpiece
1169967271,Cotton Candy Bouquet - Dry Flower Bouquet Pink Pampas Grass Bunny Tails Ruscus Centerpiece Home Decor Wedding Decor Easter Gift
1228507906,Mixed Dried Flower Confetti Box for DIY Centerpieces - Pampas Grass Home Decor Bunny Tails Boho Interior Wedding Boutonnière Tablescaping
1220261288,Luxury Preserved Bouquet “Green Goddess”- Eucalyptus Gypsophila Weeping Willow Limonium Rabbit Tails Centerpiece Home Decor Boho Wedding
1247047358,Dried Flower Arrangements -Pampas Grass Wedding Centerpiece Flower Bouquet Boho Fall Home Decor Bridal Bouquet Bridesmaids Bunch Bunny Tails
1194249653,Silver Dollar Eucalyptus Red Preserved - Dried Eucalyptus Leaves Home Decor Boho Interior Design Natural Wedding Table Centerpiece
1247047358,Dried Flower Arrangements -Pampas Grass Wedding Centerpiece Flower Bouquet Boho Fall Home Decor Bridal Bouquet Bridesmaids Bunch Bunny Tails
1222170760,Preserved Eucalyptus Mix Large Bunch - Silver Dollar Eucalyptus Weeping Willow Centerpiece Home Decor Boho Wedding Decor
1247989050,Colorfull PAMPAS GRASS Small (15 pcs)- Reed Bunch Wedding flowers Home Decor Dried Flowers Boho Plant Rustic Gift Bridal Bouquet Centerpiece
1247047358,Dried Flower Arrangements -Pampas Grass Wedding Centerpiece Flower Bouquet Boho Fall Home Decor Bridal Bouquet Bridesmaids Bunch Bunny Tails
1180290224,Silver Dollar Eucalyptus Blue Preserved -Dried Eucalyptus Leaves Home Decor Boho Interior Design Natural Wedding Table Centerpiece
1194249653,Silver Dollar Eucalyptus Red Preserved - Dried Eucalyptus Leaves Home Decor Boho Interior Design Natural Wedding Table Centerpiece
1122308014,Dried Flower Bouquet “Nocturnal” - Preserved Limonium Black Bunny Tails Rice Flower Centerpiece Home Decor Boho Wedding Decor
1084754375,Preserved Limonium Bunch Natural - Preserved Florals Bouquet Pampas grass Dried Flowers Boho Wedding Rustic Home Decor
1247047358,Dried Flower Arrangements -Pampas Grass Wedding Centerpiece Flower Bouquet Boho Fall Home Decor Bridal Bouquet Bridesmaids Bunch Bunny Tails
896622542,Mini Bunny Tails Bunch 60 pcs - Dried Lagurus Pampas Grass Boho Wedding Invitations Bridal Bouquet Home Decor Dried florals Wedding favors
896622542,Mini Bunny Tails Bunch 60 pcs - Dried Lagurus Pampas Grass Boho Wedding Invitations Bridal Bouquet Home Decor Dried florals Wedding favors
896622542,Mini Bunny Tails Bunch 60 pcs - Dried Lagurus Pampas Grass Boho Wedding Invitations Bridal Bouquet Home Decor Dried florals Wedding favors
1156011228,Dried Flower Bouquet Pink “Cloud” - Preserved Pink Baby’s Breath Ruscus Pampas Grass Centerpiece Home Decor Wedding Decor Easter Gift
1247047358,Dried Flower Arrangements -Pampas Grass Wedding Centerpiece Flower Bouquet Boho Fall Home Decor Bridal Bouquet Bridesmaids Bunch Bunny Tails
1247047358,Dried Flower Arrangements -Pampas Grass Wedding Centerpiece Flower Bouquet Boho Fall Home Decor Bridal Bouquet Bridesmaids Bunch Bunny Tails
1262159600,Preserved Baby’s Breath - Gypsophila DIY Dried Bouquet Modern Bohemian Wedding Flower Decor Bridal Shower Centerpieces Tablescaping
1247047358,Dried Flower Arrangements -Pampas Grass Wedding Centerpiece Flower Bouquet Boho Fall Home Decor Bridal Bouquet Bridesmaids Bunch Bunny Tails
1264261631,DIY Centerpieces Mixed Dried Flower Confetti Box with Floral Foam - Pampas Grass Bunny Tails Boho Interior Wedding Boutonnière Tablescaping
1250244474,Asparagus Preserved Dark Blue - Dried Florals Bouquet Pampas grass Dried Flowers Boho Wedding Rustic Home Decor DIY
1048661264,Natural Limonium Bunch - Preserved Florals Bouquet Pampas grass Dried Flowers Boho Wedding Decor Rustic Home Decor
1283845173,Natural Wheat - Dried Bouquet Pampas grass Dried Flowers Boho Wedding Decor Rustic Home Decor
1119080321,Pampas Grass Bunch Brown 10 pcs Natural Dried - Preserved Flowers Bouquet Boho Decor Wedding Table Centerpieces Bridal Shower Decorations
727421803,BUNNY TAILS Handpicked Bunch - Natural Dried Lagurus Pampas Grass Boho Wedding Decor Bridal Bouquet Bohemian Plant Wedding favors
1247047358,Dried Flower Arrangements -Pampas Grass Wedding Centerpiece Flower Bouquet Boho Fall Home Decor Bridal Bouquet Bridesmaids Bunch Bunny Tails
1247047358,Dried Flower Arrangements -Pampas Grass Wedding Centerpiece Flower Bouquet Boho Fall Home Decor Bridal Bouquet Bridesmaids Bunch Bunny Tails
1247047358,Dried Flower Arrangements -Pampas Grass Wedding Centerpiece Flower Bouquet Boho Fall Home Decor Bridal Bouquet Bridesmaids Bunch Bunny Tails
996037461,BUNNY TAILS (180 pcs) - Large Bunch Natural Dried Lagurus Pampas Grass Boho Wedding Decor Bridal Bouquet Centerpiece Wedding favors
1269173154,Large Bunch Preserved Eucalyptus Blue - Spiral Eucalyptus Leaves Home Decor Bohemian Interior Design Natural Wedding Table Centerpiece
1247047358,Dried Flower Arrangements -Pampas Grass Wedding Centerpiece Flower Bouquet Boho Fall Home Decor Bridal Bouquet Bridesmaids Bunch Bunny Tails
1247047358,Dried Flower Arrangements -Pampas Grass Wedding Centerpiece Flower Bouquet Boho Fall Home Decor Bridal Bouquet Bridesmaids Bunch Bunny Tails
1247047358,Dried Flower Arrangements -Pampas Grass Wedding Centerpiece Flower Bouquet Boho Fall Home Decor Bridal Bouquet Bridesmaids Bunch Bunny Tails
1280804017,Amaranthus Preserved - Dried Florals Bouquet Pampas grass Dried Flowers Boho Wedding Rustic Home Decor DIY wedding arrangements
1087701566,BUNNY TAILS 60 pcs Handpicked Bunch - Natural Dried Lagurus Pampas Grass Boho Wedding Decor Bridal Bouquet Easter decor Wedding favors
1269173154,Large Bunch Preserved Eucalyptus Blue - Spiral Eucalyptus Leaves Home Decor Bohemian Interior Design Natural Wedding Table Centerpiece
1262616123,Rabbit Tails 40 pcs Blue - Bunny Tails Natural Dried Boho Wedding Decor Pampas Grass Bridal Bouquet Wedding Favors
1262600667,Purple Limonium Bunch Preserved - Dried Florals Bouquet Pampas grass Dried Flowers Boho Wedding Rustic Home Decor
1250244474,Asparagus Preserved Dark Blue - Dried Florals Bouquet Pampas grass Dried Flowers Boho Wedding Rustic Home Decor DIY
1235507155,Preserved Rice Flower - Dried Flowers DIY Centerpice Home Decor Bohemian Interior Design Natural Purple Wedding Bouquet Tablescaping
1180294838,Preserved Eucalyptus Small Leaf in Green - Home Decor Bohemian Interior Design Natural Wedding Table Centerpieces Easter
1280804017,Amaranthus Preserved - Dried Florals Bouquet Pampas grass Dried Flowers Boho Wedding Rustic Home Decor DIY wedding arrangements
1180290224,Silver Dollar Eucalyptus Blue Preserved -Dried Eucalyptus Leaves Home Decor Boho Interior Design Natural Wedding Table Centerpiece
1194249653,Silver Dollar Eucalyptus Red Preserved - Dried Eucalyptus Leaves Home Decor Boho Interior Design Natural Wedding Table Centerpiece
727421803,BUNNY TAILS Handpicked Bunch - Natural Dried Lagurus Pampas Grass Boho Wedding Decor Bridal Bouquet Bohemian Plant Wedding favors
1349971828,Dried Wedding Flower Collection White - Bridal Bouquet Bridesmaid’s Bouquet Boutonnière Centerpiece - Pampas Grass Wedding Decor Eucalyptus
1247047358,Dried Flower Arrangements -Pampas Grass Wedding Centerpiece Flower Bouquet Boho Fall Home Decor Bridal Bouquet Bridesmaids Bunch Bunny Tails
1180290224,Silver Dollar Eucalyptus Blue Preserved -Dried Eucalyptus Leaves Home Decor Boho Interior Design Natural Wedding Table Centerpiece
727421803,BUNNY TAILS Handpicked Bunch - Natural Dried Lagurus Pampas Grass Boho Wedding Decor Bridal Bouquet Bohemian Plant Wedding favors
896622542,Mini Bunny Tails Bunch 60 pcs - Dried Lagurus Pampas Grass Boho Wedding Invitations Bridal Bouquet Home Decor Dried florals Wedding favors
1272745737,Sun Palm Leaves (3 pcs) Small Dried Organic - Tropical Palm Fans Spear Pampas Grass Boho Wedding Bridal Bouquet Home Decor
896622542,Mini Bunny Tails Bunch 60 pcs - Dried Lagurus Pampas Grass Boho Wedding Invitations Bridal Bouquet Home Decor Dried florals Wedding favors
896622542,Mini Bunny Tails Bunch 60 pcs - Dried Lagurus Pampas Grass Boho Wedding Invitations Bridal Bouquet Home Decor Dried florals Wedding favors
896622542,Mini Bunny Tails Bunch 60 pcs - Dried Lagurus Pampas Grass Boho Wedding Invitations Bridal Bouquet Home Decor Dried florals Wedding favors
1248597168,Brown Limonium Bunch Preserved - Dried Florals Bouquet Pampas grass Dried Flowers Boho Wedding Rustic Home Decor
1180294838,Preserved Eucalyptus Small Leaf in Green - Home Decor Bohemian Interior Design Natural Wedding Table Centerpieces Easter
1188649090,Pampas Ivory Fluffy Bunch (10 stems) - Dried Pampas Grass Natural Home Decor Wedding Centerpiece Dried Flower Arrangement Rustic Boho
1105533455,Tropical Palm Leaves (3 pcs) Large Dried Organic - Cycas Palms Boho Wedding Home Decor Pampas Grass
1250244474,Asparagus Preserved Dark Blue - Dried Florals Bouquet Pampas grass Dried Flowers Boho Wedding Rustic Home Decor DIY
1231427347,Luxury Dried Flower Bouquets  - Pampas Grass Preserved Gypsophila Eucalyptus Nigella White Ruscus Centerpiece Home Decor Boho Wedding Gift
1269173154,Large Bunch Preserved Eucalyptus Blue - Spiral Eucalyptus Leaves Home Decor Bohemian Interior Design Natural Wedding Table Centerpiece
1180234856,Preserved Spiral Eucalyptus - Dried Eucalyptus in Shower Aesthetic Home Decor Boho Interior Bedroom Design Natural Wedding Table Centerpiece
1228857070,Luxury Dried Bouquets Large Pampas Grass Eucalyptus - Dry Flower Bouquet Bunny Tails Red Ruscus Centerpiece Home Decor Boho Wedding Decor
1235487007,Preserved Eucalyptus Yellow Silver Dollar- Dried Eucalyptus Leaves Home Decor Boho Interior Design Natural Wedding Table Centerpiece
1180294838,Preserved Eucalyptus Small Leaf in Green - Home Decor Bohemian Interior Design Natural Wedding Table Centerpieces Easter
1180290224,Silver Dollar Eucalyptus Blue Preserved -Dried Eucalyptus Leaves Home Decor Boho Interior Design Natural Wedding Table Centerpiece
1268754877,Preserved Millet Grass - Dried Flowers DIY Centerpiece Home Decor Bohemian Interior Design Natural Mauve Wedding Bouquet Tablescaping
1119080321,Pampas Grass Bunch Brown 10 pcs Natural Dried - Preserved Flowers Bouquet Boho Decor Wedding Table Centerpieces Bridal Shower Decorations
1102116912,"XL PAMPAS GRASS 3 stems Extra Fluffy Natural Color 45"" Large - Home Office Decor Boho Wedding Decor Dried Flowers Boho"
1247047358,Dried Flower Arrangements -Pampas Grass Wedding Centerpiece Flower Bouquet Boho Fall Home Decor Bridal Bouquet Bridesmaids Bunch Bunny Tails
1169967271,Cotton Candy Bouquet - Dry Flower Bouquet Pink Pampas Grass Bunny Tails Ruscus Centerpiece Home Decor Wedding Decor Easter Gift
896622542,Mini Bunny Tails Bunch 60 pcs - Dried Lagurus Pampas Grass Boho Wedding Invitations Bridal Bouquet Home Decor Dried florals Wedding favors
1211227875,Wild Blueberry Bouquet - Dry Flower Bouquet Bunny Tails Eucalyptus Red Ruscus Centerpiece Home Decor Boho Wedding Decor
1211227875,Wild Blueberry Bouquet - Dry Flower Bouquet Bunny Tails Eucalyptus Red Ruscus Centerpiece Home Decor Boho Wedding Decor
1211227875,Wild Blueberry Bouquet - Dry Flower Bouquet Bunny Tails Eucalyptus Red Ruscus Centerpiece Home Decor Boho Wedding Decor
1278326231,Dried Wedding Flower Collection Ivory - Bridal Bouquet Bridesmaid’s Bouquet Boutonnière Centerpiece - Pampas Grass Wedding Decor
794458390,"XL PAMPAS GRASS (4 pcs) The fluffiest Dried Natural Large 45"" tall - For Love Of Pampas"
1206265759,Ivory Brown Fluffy Bunch (30 stems) - Dried Pampas Grass Natural Home Decor Wedding Centerpiece Dried Flower Arrangement Rustic Boho
1278326231,Dried Wedding Flower Collection Ivory - Bridal Bouquet Bridesmaid’s Bouquet Boutonnière Centerpiece - Pampas Grass Wedding Decor
1278326231,Dried Wedding Flower Collection Ivory - Bridal Bouquet Bridesmaid’s Bouquet Boutonnière Centerpiece - Pampas Grass Wedding Decor
1278326231,Dried Wedding Flower Collection Ivory - Bridal Bouquet Bridesmaid’s Bouquet Boutonnière Centerpiece - Pampas Grass Wedding Decor
1278326231,Dried Wedding Flower Collection Ivory - Bridal Bouquet Bridesmaid’s Bouquet Boutonnière Centerpiece - Pampas Grass Wedding Decor
682402489,Small Pampas Grass (15 stems) 23” tall - Reed Bunch Wedding Flowers Home Decor Dried Florals Boho Rustic Gift Bridal Bouquet Wedding Favors
1280804017,Amaranthus Preserved - Dried Florals Bouquet Pampas grass Dried Flowers Boho Wedding Rustic Home Decor DIY wedding arrangements
1134820913,"15 pcs PAMPAS GRASS Small 23"" tall - Reed Bunch Wedding flowers Home Decor Dried Flowers Boho Plant Rustic Gift Bridal Bouquet"
1084754375,Preserved Limonium Bunch Natural - Preserved Florals Bouquet Pampas grass Dried Flowers Boho Wedding Rustic Home Decor
896622542,Mini Bunny Tails Bunch 60 pcs - Dried Lagurus Pampas Grass Boho Wedding Invitations Bridal Bouquet Home Decor Dried florals Wedding favors
1288214742,Dried Sago Flower “Flamingo Feather” - Dried Bouquet Pampas grass DIY Wedding Flowers Rustic Home Decor
1200161000,BUNNY TAILS Burgundy Handpicked Bunch - Dried Lagurus Pampas Grass Boho Wedding Decor Bridal Bouquet Wedding Favors Centerpiece
1084754375,Preserved Limonium Bunch Natural - Preserved Florals Bouquet Pampas grass Dried Flowers Boho Wedding Rustic Home Decor
896622542,Mini Bunny Tails Bunch 60 pcs - Dried Lagurus Pampas Grass Boho Wedding Invitations Bridal Bouquet Home Decor Dried florals Wedding favors
891260164,Billy Balls Yellow (10 pcs) Dried - Medium size Dried Bouquet Craspedia Billy Buttons Pampas grass Yellow Dried Flowers wedding home decor
841219124,Ivory Ruscus Branches Dried - DIY Flower Arrangement Pampas grass Dried Flowers Boho Wedding Decor Rustic Home Decor Bridal Bouquet
896622542,Mini Bunny Tails Bunch 60 pcs - Dried Lagurus Pampas Grass Boho Wedding Invitations Bridal Bouquet Home Decor Dried florals Wedding favors
1250244474,Asparagus Preserved Dark Blue - Dried Florals Bouquet Pampas grass Dried Flowers Boho Wedding Rustic Home Decor DIY
1211280977,Brown Pampas Bouquet - Dried Flower Bouquet Pampas Grass Bunny Tails Red Ruscus Centerpiece Home Decor Boho Wedding Decor
896622542,Mini Bunny Tails Bunch 60 pcs - Dried Lagurus Pampas Grass Boho Wedding Invitations Bridal Bouquet Home Decor Dried florals Wedding favors
1250244474,Asparagus Preserved Dark Blue - Dried Florals Bouquet Pampas grass Dried Flowers Boho Wedding Rustic Home Decor DIY
727421803,BUNNY TAILS Handpicked Bunch - Natural Dried Lagurus Pampas Grass Boho Wedding Decor Bridal Bouquet Bohemian Plant Wedding favors
1247561108,Mixed Dried Flower Confetti Box for DIY Centerpieces Floral Foam - Pampas Grass Bunny Tails Boho Interior Wedding Boutonnière Tablescaping
1132002336,Preserved Eucalyptus Blue - Dried Spiral Eucalyptus Leaves Home Decor Bohemian Interior Design Natural Wedding Table Centerpiece
1262616881,Rabbit Tails 40 pcs Red - Bunny Tails Natural Dried Boho Wedding Decor Pampas Grass Bridal Bouquet Wedding Favors
1180234856,Preserved Eucalyptus Red - Dried Spiral Eucalyptus Leaves Home Decor Bohemian Interior Design Natural Wedding Table Centerpieces Easter
727421803,BUNNY TAILS Handpicked Bunch - Natural Dried Lagurus Pampas Grass Boho Wedding Decor Bridal Bouquet Bohemian Plant Wedding favors
1221576530,Preserved Rice Flower - Dried Flowers DIY Centerpice Home Decor Bohemian Interior Design Natural Pink Wedding Bouquet Tablescaping
1136258385,Starburst Dried Bouquet - Dry Flower Bouquet Bunny Tails Eucalyptus Red Ruscus Centerpiece Home Decor Boho Wedding Decor
1136258385,Starburst Dried Bouquet - Dry Flower Bouquet Bunny Tails Eucalyptus Red Ruscus Centerpiece Home Decor Boho Wedding Decor
1169960799,Large Dried Bouquet “I Love You More” - Dry Flower Bouquet Pink Pampas Grass Bunny Tails Centerpiece Home Decor Wedding Decor Boho Gift
1247047358,Dried Flower Arrangements -Pampas Grass Wedding Centerpiece Flower Bouquet Boho Fall Home Decor Bridal Bouquet Bridesmaids Bunch Bunny Tails
1272745737,Sun Palm Leaves (3 pcs) Small Dried Organic - Tropical Palm Fans Spear Pampas Grass Boho Wedding Bridal Bouquet Home Decor
1136258385,Starburst Dried Bouquet - Dry Flower Bouquet Bunny Tails Eucalyptus Red Ruscus Centerpiece Home Decor Boho Wedding Decor
1247047358,Dried Flower Arrangements -Pampas Grass Wedding Centerpiece Flower Bouquet Boho Fall Home Decor Bridal Bouquet Bridesmaids Bunch Bunny Tails
1247047358,Dried Flower Arrangements -Pampas Grass Wedding Centerpiece Flower Bouquet Boho Fall Home Decor Bridal Bouquet Bridesmaids Bunch Bunny Tails
1247047358,Dried Flower Arrangements -Pampas Grass Wedding Centerpiece Flower Bouquet Boho Fall Home Decor Bridal Bouquet Bridesmaids Bunch Bunny Tails
1250244474,Asparagus Preserved Dark Blue - Dried Florals Bouquet Pampas grass Dried Flowers Boho Wedding Rustic Home Decor DIY
1026632573,Discounted 3 pcs Large Palm Leaves Dried Trimmed - Tropical Palm Fans Spear Pampas Grass Boho Wedding Bridal Bouquet Home Decor
1280804017,Amaranthus Preserved - Dried Florals Bouquet Pampas grass Dried Flowers Boho Wedding Rustic Home Decor DIY wedding arrangements
1247047358,Dried Flower Arrangements -Pampas Grass Wedding Centerpiece Flower Bouquet Boho Fall Home Decor Bridal Bouquet Bridesmaids Bunch Bunny Tails
896622542,Mini Bunny Tails Bunch 60 pcs - Dried Lagurus Pampas Grass Boho Wedding Invitations Bridal Bouquet Home Decor Dried florals Wedding favors
1247047358,Dried Flower Arrangements -Pampas Grass Wedding Centerpiece Flower Bouquet Boho Fall Home Decor Bridal Bouquet Bridesmaids Bunch Bunny Tails
1169967271,Cotton Candy Bouquet - Dry Flower Bouquet Pink Pampas Grass Bunny Tails Ruscus Centerpiece Home Decor Wedding Decor Easter Gift
1356034432,Porcelain Tableware Collection Sand - Handmade Ceramic Kitchenware Serving Tray Beige Appetizer Serveware Jewelry Organizer Home Decor
1356034432,Porcelain Tableware Collection Sand - Handmade Ceramic Kitchenware Serving Tray Beige Appetizer Serveware Jewelry Organizer Home Decor
1356034432,Porcelain Tableware Collection Sand - Handmade Ceramic Kitchenware Serving Tray Beige Appetizer Serveware Jewelry Organizer Home Decor
1243575577,Eucalyptus Pampas Set - Wedding Centerpiece Dry Flower Bouquet Home Decor Boho Decor Bridal Bouquet Bridesmaids Bunch Bunny Tails
1247047358,Dried Flower Arrangements -Pampas Grass Wedding Centerpiece Flower Bouquet Boho Fall Home Decor Bridal Bouquet Bridesmaids Bunch Bunny Tails
1247047358,Dried Flower Arrangements -Pampas Grass Wedding Centerpiece Flower Bouquet Boho Fall Home Decor Bridal Bouquet Bridesmaids Bunch Bunny Tails
1247047358,Dried Flower Arrangements -Pampas Grass Wedding Centerpiece Flower Bouquet Boho Fall Home Decor Bridal Bouquet Bridesmaids Bunch Bunny Tails
1222170760,Preserved Eucalyptus Mix Large Bunch - Silver Dollar Eucalyptus Weeping Willow Centerpiece Home Decor Boho Wedding Decor
1235487007,Preserved Eucalyptus Yellow Silver Dollar- Dried Eucalyptus Leaves Home Decor Boho Interior Design Natural Wedding Table Centerpiece
1084754375,Preserved Limonium Bunch Natural - Preserved Florals Bouquet Pampas grass Dried Flowers Boho Wedding Rustic Home Decor
1136258385,Starburst Dried Bouquet - Dry Flower Bouquet Bunny Tails Eucalyptus Red Ruscus Centerpiece Home Decor Boho Wedding Decor
1272745737,Sun Palm Leaves (3 pcs) Small Dried Organic - Tropical Palm Fans Spear Pampas Grass Boho Wedding Bridal Bouquet Home Decor
1272745737,Sun Palm Leaves (3 pcs) Small Dried Organic - Tropical Palm Fans Spear Pampas Grass Boho Wedding Bridal Bouquet Home Decor
789192874,Palm Leaves (3 pcs) Large Dried Trimmed Organic - Tropical Palm Fans Spear Pampas Grass Boho Wedding Bridal Bouquet Home Decor
1247047358,Dried Flower Arrangements -Pampas Grass Wedding Centerpiece Flower Bouquet Boho Fall Home Decor Bridal Bouquet Bridesmaids Bunch Bunny Tails
1136258385,Starburst Dried Bouquet - Dry Flower Bouquet Bunny Tails Eucalyptus Red Ruscus Centerpiece Home Decor Boho Wedding Decor
1247047358,Dried Flower Arrangements -Pampas Grass Wedding Centerpiece Flower Bouquet Boho Fall Home Decor Bridal Bouquet Bridesmaids Bunch Bunny Tails
